<ImportExportXml xmlns:xsi="http://www.w3.org/2001/XMLSchema-instance">
  <Entities></Entities>
  <Roles></Roles>
  <Workflows>
    <Workflow WorkflowId="{56d819bb-595c-ee11-be6f-00224827b681}" Name="HR Policy Creator" Description="Call this flow from Power Virtual Agents.">
      <JsonFileName>/Workflows/HRPolicyCreator-56D819BB-595C-EE11-BE6F-00224827B681.json</JsonFileName>
      <Type>1</Type>
      <Subprocess>0</Subprocess>
      <Category>5</Category>
      <Mode>0</Mode>
      <Scope>4</Scope>
      <OnDemand>0</OnDemand>
      <TriggerOnCreate>0</TriggerOnCreate>
      <TriggerOnDelete>0</TriggerOnDelete>
      <AsyncAutodelete>0</AsyncAutodelete>
      <SyncWorkflowLogOnFailure>0</SyncWorkflowLogOnFailure>
      <StateCode>1</StateCode>
      <StatusCode>2</StatusCode>
      <RunAs>1</RunAs>
      <IsTransacted>1</IsTransacted>
      <IntroducedVersion>1.0.0.0</IntroducedVersion>
      <IsCustomizable>1</IsCustomizable>
      <BusinessProcessType>0</BusinessProcessType>
      <IsCustomProcessingStepAllowedForOtherPublishers>1</IsCustomProcessingStepAllowedForOtherPublishers>
      <PrimaryEntity>none</PrimaryEntity>
      <LocalizedNames>
        <LocalizedName languagecode="1033" description="HR Policy Creator" />
      </LocalizedNames>
      <Descriptions>
        <Description languagecode="1033" description="Call this flow from Power Virtual Agents." />
      </Descriptions>
    </Workflow>
  </Workflows>
  <FieldSecurityProfiles></FieldSecurityProfiles>
  <Templates />
  <EntityMaps />
  <EntityRelationships />
  <OrganizationSettings />
  <optionsets />
  <CustomControls />
  <EntityDataProviders />
  <connectionreferences>
    <connectionreference connectionreferencelogicalname="crd69_sharedapprovals_db3bc">
      <connectionreferencedisplayname>Approvals Crcd171-db3bc</connectionreferencedisplayname>
      <connectorid>/providers/Microsoft.PowerApps/apis/shared_approvals</connectorid>
      <iscustomizable>1</iscustomizable>
      <statecode>0</statecode>
      <statuscode>1</statuscode>
    </connectionreference>
    <connectionreference connectionreferencelogicalname="crd69_sharedcommondataserviceforapps_4d6db">
      <connectionreferencedisplayname>Microsoft Dataverse Crcd171-4d6db</connectionreferencedisplayname>
      <connectorid>/providers/Microsoft.PowerApps/apis/shared_commondataserviceforapps</connectorid>
      <iscustomizable>1</iscustomizable>
      <statecode>0</statecode>
      <statuscode>1</statuscode>
    </connectionreference>
    <connectionreference connectionreferencelogicalname="crd69_sharedoffice365_564cc">
      <connectionreferencedisplayname>Office 365 Outlook Crcd171-564cc</connectionreferencedisplayname>
      <connectorid>/providers/Microsoft.PowerApps/apis/shared_office365</connectorid>
      <iscustomizable>1</iscustomizable>
      <statecode>0</statecode>
      <statuscode>1</statuscode>
    </connectionreference>
    <connectionreference connectionreferencelogicalname="crd69_sharedsendmail_9dedb">
      <connectionreferencedisplayname>Mail Crcd171-9dedb</connectionreferencedisplayname>
      <connectorid>/providers/Microsoft.PowerApps/apis/shared_sendmail</connectorid>
      <iscustomizable>1</iscustomizable>
      <statecode>0</statecode>
      <statuscode>1</statuscode>
    </connectionreference>
    <connectionreference connectionreferencelogicalname="crd69_sharedsharepointonline_10b64">
      <connectionreferencedisplayname>SharePoint Crcd171-10b64</connectionreferencedisplayname>
      <connectorid>/providers/Microsoft.PowerApps/apis/shared_sharepointonline</connectorid>
      <iscustomizable>1</iscustomizable>
      <statecode>0</statecode>
      <statuscode>1</statuscode>
    </connectionreference>
  </connectionreferences>
  <Languages>
    <Language>1033</Language>
  </Languages>
</ImportExportXml>