{
  "properties": {
    "connectionReferences": {
      "shared_commondataserviceforapps": {
        "runtimeSource": "embedded",
        "connection": {
          "connectionReferenceLogicalName": "crd69_sharedcommondataserviceforapps_4d6db"
        },
        "api": {
          "name": "shared_commondataserviceforapps"
        }
      },
      "shared_approvals": {
        "runtimeSource": "embedded",
        "connection": {
          "connectionReferenceLogicalName": "crd69_sharedapprovals_db3bc"
        },
        "api": {
          "name": "shared_approvals"
        }
      },
      "shared_sharepointonline": {
        "runtimeSource": "embedded",
        "connection": {
          "connectionReferenceLogicalName": "crd69_sharedsharepointonline_10b64"
        },
        "api": {
          "name": "shared_sharepointonline"
        }
      },
      "shared_office365": {
        "runtimeSource": "embedded",
        "connection": {
          "connectionReferenceLogicalName": "crd69_sharedoffice365_564cc"
        },
        "api": {
          "name": "shared_office365"
        }
      },
      "shared_sendmail": {
        "runtimeSource": "embedded",
        "connection": {
          "connectionReferenceLogicalName": "crd69_sharedsendmail_9dedb"
        },
        "api": {
          "name": "shared_sendmail"
        }
      }
    },
    "definition": {
      "$schema": "https://schema.management.azure.com/providers/Microsoft.Logic/schemas/2016-06-01/workflowdefinition.json#",
      "contentVersion": "1.0.0.0",
      "parameters": {
        "$connections": {
          "defaultValue": {},
          "type": "Object"
        },
        "$authentication": {
          "defaultValue": {},
          "type": "SecureObject"
        }
      },
      "triggers": {
        "manual": {
          "metadata": {
            "operationMetadataId": "e0c829d0-d000-43e4-bb28-224dc45d1b10"
          },
          "type": "Request",
          "kind": "VirtualAgent",
          "inputs": {
            "schema": {
              "type": "object",
              "properties": {
                "text": {
                  "title": "HR Suggestion",
                  "type": "string",
                  "x-ms-dynamically-added": true,
                  "description": "Please enter your input",
                  "x-ms-content-hint": "TEXT"
                },
                "text_1": {
                  "title": "Article Title",
                  "type": "string",
                  "x-ms-dynamically-added": true,
                  "description": "Please enter your input",
                  "x-ms-content-hint": "TEXT"
                },
                "text_2": {
                  "title": "User Log in",
                  "type": "string",
                  "x-ms-dynamically-added": true,
                  "description": "Please enter your input",
                  "x-ms-content-hint": "TEXT"
                }
              },
              "required": [
                "text",
                "text_1",
                "text_2"
              ]
            }
          }
        }
      },
      "actions": {
        "Return_value(s)_to_Power_Virtual_Agents": {
          "runAfter": {
            "Apply_to_each": [
              "Succeeded"
            ]
          },
          "metadata": {
            "operationMetadataId": "35be0854-2da2-43b0-aa4e-d07a6eb3063c"
          },
          "type": "Response",
          "kind": "VirtualAgent",
          "inputs": {
            "statusCode": 200,
            "body": {},
            "schema": {
              "type": "object",
              "properties": {}
            }
          }
        },
        "HR_Policy_Suggestion": {
          "runAfter": {},
          "metadata": {
            "operationMetadataId": "55c5b389-57de-448c-86d8-4e9ce99f9124"
          },
          "type": "Compose",
          "inputs": "@triggerBody()['text']"
        },
        "Create_text_with_GPT": {
          "runAfter": {
            "HR_Policy_Suggestion": [
              "Succeeded"
            ]
          },
          "metadata": {
            "operationMetadataId": "91f5778b-2e1a-446e-a461-cb1d952a0c46",
            "flowSystemMetadata": {
              "portalOperationId": "aibuilderpredict_gptpromptengineering",
              "portalOperationGroup": "aibuilder",
              "portalOperationApiDisplayNameOverride": "AI Builder",
              "portalOperationIconOverride": "https://content.powerapps.com/resource/makerx/static/pauto/images/designeroperations/aiBuilderNew.51dbdb6b.png",
              "portalOperationBrandColorOverride": "#0A76C4",
              "portalOperationApiTierOverride": "Standard"
            }
          },
          "type": "OpenApiConnection",
          "inputs": {
            "host": {
              "connectionName": "shared_commondataserviceforapps",
              "operationId": "aibuilderpredict_gptpromptengineering",
              "apiId": "/providers/Microsoft.PowerApps/apis/shared_commondataserviceforapps"
            },
            "parameters": {
              "item/requestv2/prompt": "Create a properly formulated HR policy, based on the following:\n@{outputs('HR_Policy_Suggestion')}"
            },
            "authentication": "@parameters('$authentication')"
          }
        },
        "Start_and_wait_for_an_approval": {
          "runAfter": {
            "GPT_Composition": [
              "Succeeded"
            ]
          },
          "metadata": {
            "operationMetadataId": "98fa6769-3d41-47c8-9054-ddb025d17556"
          },
          "type": "OpenApiConnectionWebhook",
          "inputs": {
            "host": {
              "connectionName": "shared_approvals",
              "operationId": "StartAndWaitForAnApproval",
              "apiId": "/providers/Microsoft.PowerApps/apis/shared_approvals"
            },
            "parameters": {
              "approvalType": "Basic",
              "WebhookApprovalCreationInput/title": "New HR Policy Suggestion",
              "WebhookApprovalCreationInput/assignedTo": "christos.katsanos@peoplecert.org; greg.maros@peoplecert.org",
              "WebhookApprovalCreationInput/details": "@outputs('GPT_Composition')",
              "WebhookApprovalCreationInput/requestor": "@{triggerBody()['text_2']};",
              "WebhookApprovalCreationInput/enableNotifications": true,
              "WebhookApprovalCreationInput/enableReassignment": true
            },
            "authentication": "@parameters('$authentication')"
          }
        },
        "Apply_to_each": {
          "foreach": "@outputs('Start_and_wait_for_an_approval')?['body/responses']",
          "actions": {
            "Condition": {
              "actions": {
                "Send_an_email_(V2)": {
                  "runAfter": {
                    "Create_file": [
                      "Succeeded"
                    ]
                  },
                  "metadata": {
                    "operationMetadataId": "f2716492-8c2d-47da-a2e6-ecd2bf7cfc87"
                  },
                  "type": "OpenApiConnection",
                  "inputs": {
                    "host": {
                      "connectionName": "shared_office365",
                      "operationId": "SendEmailV2",
                      "apiId": "/providers/Microsoft.PowerApps/apis/shared_office365"
                    },
                    "parameters": {
                      "emailMessage/To": "Greg.Maros@peoplecert.org;Christos.Katsanos@peoplecert.org",
                      "emailMessage/Subject": "New HR Policy Review",
                      "emailMessage/Body": "<p>Please review the newly suggested HR Policy with title <br>\n\"@{triggerBody()['text_1']}\" <a href=\"https://peoplecert.sharepoint.com/sites/Hackathons/Shared%20Documents/Forms/AllItems.aspx\">here</a> .<br>\n<br>\n</p>",
                      "emailMessage/Importance": "Normal"
                    },
                    "authentication": "@parameters('$authentication')"
                  }
                },
                "Create_file": {
                  "runAfter": {},
                  "metadata": {
                    "operationMetadataId": "0fad527f-dfb9-4d0a-ad90-cd16dc7b79c7"
                  },
                  "type": "OpenApiConnection",
                  "inputs": {
                    "host": {
                      "connectionName": "shared_sharepointonline",
                      "operationId": "CreateFile",
                      "apiId": "/providers/Microsoft.PowerApps/apis/shared_sharepointonline"
                    },
                    "parameters": {
                      "dataset": "https://peoplecert.sharepoint.com/sites/Hackathons",
                      "folderPath": "/Shared Documents",
                      "name": "@triggerBody()['text_1']",
                      "body": "@{outputs('GPT_Composition')}.txt"
                    },
                    "authentication": "@parameters('$authentication')"
                  },
                  "runtimeConfiguration": {
                    "contentTransfer": {
                      "transferMode": "Chunked"
                    }
                  }
                }
              },
              "runAfter": {},
              "else": {
                "actions": {
                  "Send_an_email_notification_(V3)": {
                    "runAfter": {},
                    "metadata": {
                      "operationMetadataId": "df183274-695e-44b4-9bb6-b5a614c64bad"
                    },
                    "type": "OpenApiConnection",
                    "inputs": {
                      "host": {
                        "connectionName": "shared_sendmail",
                        "operationId": "SendEmailV3",
                        "apiId": "/providers/Microsoft.PowerApps/apis/shared_sendmail"
                      },
                      "parameters": {
                        "request/to": "@{triggerBody()['text_2']};",
                        "request/subject": "Your HR Policy Suggestion - @{triggerBody()['text_1']} - Has been Rejected",
                        "request/text": "<p>Please find below any comments from the HR team.<br>\n<br>\n@{items('Apply_to_each')?['responder/displayName']} has rejected your suggestion for the following reasons:<br>\n<br>\n@{items('Apply_to_each')?['comments']}<br>\n<br>\nThank you for your suggestion and input, your time and effort are very much appreciated. If you have any further questions, please send your email to the HR team directly.</p>"
                      },
                      "authentication": "@parameters('$authentication')"
                    }
                  }
                }
              },
              "expression": {
                "equals": [
                  "@items('Apply_to_each')?['approverResponse']",
                  "Approve"
                ]
              },
              "metadata": {
                "operationMetadataId": "98724bbb-61ca-42ae-89b3-c0538823e029"
              },
              "type": "If"
            }
          },
          "runAfter": {
            "Start_and_wait_for_an_approval": [
              "Succeeded"
            ]
          },
          "metadata": {
            "operationMetadataId": "725dbd10-da89-497a-b15a-b8a8210cc31d"
          },
          "type": "Foreach"
        },
        "GPT_Composition": {
          "runAfter": {
            "Create_text_with_GPT": [
              "Succeeded"
            ]
          },
          "metadata": {
            "operationMetadataId": "8c7672d2-8a06-4f4b-a5ae-9161136df356"
          },
          "type": "Compose",
          "inputs": "@outputs('Create_text_with_GPT')?['body/responsev2/predictionOutput/text']"
        }
      },
      "outputs": {}
    },
    "templateName": "c9cd2c4e691a4646adc8aa592c88489b"
  },
  "schemaVersion": "1.0.0.0"
}